"";"A1";"Corrected p-value";"z-scores";"AA with lowest p value";"Odd-ratio";"Wilcox";"ref_seq";"A2";"Corrected p-value";"z-scores";"AA with lowest p value";"Odd-ratio";"Wilcox";"ref_seq";"A3";"Corrected p-value";"z-scores";"AA with lowest p value";"Odd-ratio";"Wilcox";"ref_seq";"A4";"Corrected p-value";"z-scores";"AA with lowest p value";"Odd-ratio";"Wilcox";"ref_seq";"B1";"Corrected p-value";"z-scores";"AA with lowest p value";"Odd-ratio";"Wilcox";"ref_seq";"B2";"Corrected p-value";"z-scores";"AA with lowest p value";"Odd-ratio";"Wilcox";"ref_seq";"B3";"Corrected p-value";"z-scores";"AA with lowest p value";"Odd-ratio";"Wilcox";"ref_seq";"B4";"Corrected p-value";"z-scores";"AA with lowest p value";"Odd-ratio";"Wilcox";"ref_seq"
"1";"0.461538461538462";"0.461538461538462";"0.0490331901533112";"M";"Inf";"/";"L";"0.214285714285714";"0.214285714285714";"0.347877471766997";"V";"Inf";"/";"L";"0.461538461538462";"0.461538461538462";"0.0490331901533112";"M";"Inf";"/";"L";"0.461538461538462";"0.461538461538462";"0.0490331901533112";"M";"Inf";"/";"L";"0.461538461538462";"0.461538461538462";"0.0490331901533112";"M";"Inf";"/";"L";"0.461538461538462";"0.461538461538462";"0.0490331901533112";"M";"Inf";"/";"L";"0.357142857142857";"0.357142857142857";"0.966298325387011";"H";"Inf";"/";"L";"0.461538461538462";"0.461538461538462";"0.0490331901533112";"M";"Inf";"/";"L"
"2";"0.0291375291375292";"0.0291375291375292";"-1.77465739098739";"P";"23.4961048371763";"/";"P";"0.214285714285714";"0.214285714285714";"0.347877471766997";"W";"23.4961048371763";"/";"P";"0.0291375291375292";"0.0291375291375292";"-1.77465739098739";"P";"23.4961048371763";"/";"P";"0.0291375291375292";"0.0291375291375292";"-1.77465739098739";"P";"23.4961048371763";"/";"P";"0.0291375291375292";"0.0291375291375292";"-1.77465739098739";"P";"23.4961048371763";"/";"P";"0.0291375291375292";"0.0291375291375292";"-1.77465739098739";"P";"23.4961048371763";"/";"P";"0.265734265734266";"0.265734265734266";"0.286695736817362";"P";"23.4961048371763";"/";"P";"0.0291375291375292";"0.0291375291375292";"-1.77465739098739";"P";"23.4961048371763";"/";"P"
"3";"0.000582750582750584";"0.000582750582750584";"-1.89508978785517";"D";"Inf";"0.05";"D";"0.192307692307692";"0.192307692307692";"-0.177220598824699";"D";"Inf";"/";"D";"0.000582750582750584";"0.000582750582750584";"-1.89508978785517";"D";"Inf";"0.05";"D";"0.000582750582750584";"0.000582750582750584";"-1.89508978785517";"D";"Inf";"0.05";"D";"0.000582750582750584";"0.000582750582750584";"-1.89508978785517";"D";"Inf";"0.05";"D";"0.000582750582750584";"0.000582750582750584";"-1.89508978785517";"D";"Inf";"0.05";"D";"0.020979020979021";"0.020979020979021";"-1.53300518339646";"D";"Inf";"/";"D";"0.000582750582750584";"0.000582750582750584";"-1.89508978785517";"D";"Inf";"0.05";"D"
"4";"0.00466200466200466";"0.00466200466200466";"-1.8778851597312";"T";"0";"0.05";"I";"0.0549450549450549";"0.0549450549450549";"-3.45908354002278";"T";"0";"/";"I";"0.00466200466200466";"0.00466200466200466";"-1.8778851597312";"T";"0";"0.05";"I";"0.00466200466200466";"0.00466200466200466";"-1.8778851597312";"T";"0";"0.05";"I";"0.00466200466200466";"0.00466200466200466";"-1.8778851597312";"T";"0";"0.05";"I";"0.00466200466200466";"0.00466200466200466";"-1.8778851597312";"T";"0";"0.05";"I";"0.030969030969031";"0.030969030969031";"-1.45873167644895";"T";"0";"/";"I";"0.00466200466200466";"0.00466200466200466";"-1.8778851597312";"T";"0";"0.05";"I"
"5";"0.461538461538462";"0.461538461538462";"0.0490331901533112";"P";"Inf";"/";"Q";"0.214285714285714";"0.214285714285714";"0.347877471766997";"S";"Inf";"/";"Q";"0.461538461538462";"0.461538461538462";"0.0490331901533112";"P";"Inf";"/";"Q";"0.461538461538462";"0.461538461538462";"0.0490331901533112";"-";"Inf";"/";"Q";"0.461538461538462";"0.461538461538462";"0.0490331901533112";"-";"Inf";"/";"Q";"0.461538461538462";"0.461538461538462";"0.0490331901533112";"P";"Inf";"/";"Q";"0.10989010989011";"0.10989010989011";"-0.871970971563683";"-";"Inf";"/";"Q";"0.461538461538462";"0.461538461538462";"0.0490331901533112";"P";"Inf";"/";"Q"
"6";"0.461538461538462";"0.461538461538462";"0.0490331901533112";"L";"0";"/";"G";"0.214285714285714";"0.214285714285714";"0.347877471766997";"C";"0";"/";"G";"0.461538461538462";"0.461538461538462";"0.0490331901533112";"L";"0";"/";"G";"0.461538461538462";"0.461538461538462";"0.0490331901533112";"L";"0";"/";"G";"0.461538461538462";"0.461538461538462";"0.0490331901533112";"L";"0";"/";"G";"0.461538461538462";"0.461538461538462";"0.0490331901533112";"L";"0";"/";"G";"0.357142857142857";"0.357142857142857";"0.966298325387011";"T";"0";"/";"G";"0.461538461538462";"0.461538461538462";"0.0490331901533112";"L";"0";"/";"G"
"7";"0.461538461538462";"0.461538461538462";"0.0490331901533112";"C";"0";"/";"N";"0.214285714285714";"0.214285714285714";"0.347877471766997";"Y";"0";"/";"N";"0.461538461538462";"0.461538461538462";"0.0490331901533112";"C";"0";"/";"N";"0.461538461538462";"0.461538461538462";"0.0490331901533112";"R";"0";"/";"N";"0.461538461538462";"0.461538461538462";"0.0490331901533112";"R";"0";"/";"N";"0.461538461538462";"0.461538461538462";"0.0490331901533112";"K";"0";"/";"N";"0.10989010989011";"0.10989010989011";"-0.871970971563683";"R";"0";"/";"N";"0.461538461538462";"0.461538461538462";"0.0490331901533112";"R";"0";"/";"N"
"8";"1";"1";"2.3200441025172";"E";"1";"/";"E";"0.214285714285714";"0.214285714285714";"0.347877471766997";"H";"1";"/";"E";"1";"1";"2.3200441025172";"A";"1";"/";"E";"1";"1";"2.3200441025172";"P";"1";"/";"E";"1";"1";"2.3200441025172";"G";"1";"/";"E";"1";"1";"2.3200441025172";"K";"1";"/";"E";"0.357142857142857";"0.357142857142857";"0.966298325387011";"P";"1";"/";"E";"1";"1";"2.3200441025172";"G";"1";"/";"E"
"9";"0.461538461538462";"0.461538461538462";"0.0490331901533112";"G";"Inf";"/";"N";"0.214285714285714";"0.214285714285714";"0.347877471766997";"T";"Inf";"/";"N";"0.461538461538462";"0.461538461538462";"0.0490331901533112";"G";"Inf";"/";"N";"0.461538461538462";"0.461538461538462";"0.0490331901533112";"G";"Inf";"/";"N";"0.461538461538462";"0.461538461538462";"0.0490331901533112";"G";"Inf";"/";"N";"0.461538461538462";"0.461538461538462";"0.0490331901533112";"G";"Inf";"/";"N";"0.220779220779221";"0.220779220779221";"-0.0475350444464022";"C";"Inf";"/";"N";"0.461538461538462";"0.461538461538462";"0.0490331901533112";"G";"Inf";"/";"N"
"10";"0.461538461538462";"0.461538461538462";"0.0490331901533112";"G";"0";"/";"M";"0.214285714285714";"0.214285714285714";"0.347877471766997";"V";"0";"/";"M";"0.461538461538462";"0.461538461538462";"0.0490331901533112";"G";"0";"/";"M";"0.461538461538462";"0.461538461538462";"0.0490331901533112";"M";"0";"/";"M";"0.461538461538462";"0.461538461538462";"0.0490331901533112";"G";"0";"/";"M";"0.461538461538462";"0.461538461538462";"0.0490331901533112";"G";"0";"/";"M";"0.10989010989011";"0.10989010989011";"-0.871970971563683";"G";"0";"/";"M";"0.461538461538462";"0.461538461538462";"0.0490331901533112";"M";"0";"/";"M"
"11";"1";"1";"2.3200441025172";"V";"Inf";"/";"G";"0.214285714285714";"0.214285714285714";"0.347877471766997";"V";"Inf";"/";"G";"1";"1";"2.3200441025172";"G";"Inf";"/";"G";"1";"1";"2.3200441025172";"R";"Inf";"/";"G";"1";"1";"2.3200441025172";"V";"Inf";"/";"G";"1";"1";"2.3200441025172";"G";"Inf";"/";"G";"0.357142857142857";"0.357142857142857";"0.966298325387011";"Q";"Inf";"/";"G";"1";"1";"2.3200441025172";"K";"Inf";"/";"G"
"12";"0.192307692307692";"0.192307692307692";"-1.08647226602863";"Q";"0";"/";"Y";"0.214285714285714";"0.214285714285714";"0.347877471766997";"G";"0";"/";"Y";"0.192307692307692";"0.192307692307692";"-1.08647226602863";"Q";"0";"/";"Y";"0.192307692307692";"0.192307692307692";"-1.08647226602863";"Q";"0";"/";"Y";"0.192307692307692";"0.192307692307692";"-1.08647226602863";"Q";"0";"/";"Y";"0.192307692307692";"0.192307692307692";"-1.08647226602863";"Q";"0";"/";"Y";"0.0274725274725275";"0.0274725274725275";"-1.48472740388058";"Q";"0";"/";"Y";"0.192307692307692";"0.192307692307692";"-1.08647226602863";"Q";"0";"/";"Y"
"13";"1";"1";"2.3200441025172";"K";"Inf";"/";"Q";"0.214285714285714";"0.214285714285714";"0.347877471766997";"K";"Inf";"/";"Q";"1";"1";"2.3200441025172";"F";"Inf";"/";"Q";"1";"1";"2.3200441025172";"D";"Inf";"/";"Q";"1";"1";"2.3200441025172";"W";"Inf";"/";"Q";"1";"1";"2.3200441025172";"D";"Inf";"/";"Q";"0.258241758241758";"0.258241758241758";"0.230990606606733";"Q";"Inf";"/";"Q";"1";"1";"2.3200441025172";"T";"Inf";"/";"Q"
"14";"0.461538461538462";"0.461538461538462";"0.0490331901533112";"A";"Inf";"/";"P";"0.214285714285714";"0.214285714285714";"0.347877471766997";"D";"Inf";"/";"P";"0.461538461538462";"0.461538461538462";"0.0490331901533112";"A";"Inf";"/";"P";"0.461538461538462";"0.461538461538462";"0.0490331901533112";"A";"Inf";"/";"P";"0.461538461538462";"0.461538461538462";"0.0490331901533112";"A";"Inf";"/";"P";"0.461538461538462";"0.461538461538462";"0.0490331901533112";"A";"Inf";"/";"P";"0.357142857142857";"0.357142857142857";"0.966298325387011";"S";"Inf";"/";"P";"0.461538461538462";"0.461538461538462";"0.0490331901533112";"A";"Inf";"/";"P"
"15";"0.461538461538462";"0.461538461538462";"0.0490331901533112";"S";"Inf";"/";"S";"0.214285714285714";"0.214285714285714";"0.347877471766997";"Y";"Inf";"/";"S";"0.461538461538462";"0.461538461538462";"0.0490331901533112";"S";"Inf";"/";"S";"0.461538461538462";"0.461538461538462";"0.0490331901533112";"F";"Inf";"/";"S";"0.461538461538462";"0.461538461538462";"0.0490331901533112";"S";"Inf";"/";"S";"0.461538461538462";"0.461538461538462";"0.0490331901533112";"S";"Inf";"/";"S";"0.357142857142857";"0.357142857142857";"0.966298325387011";"H";"Inf";"/";"S";"0.461538461538462";"0.461538461538462";"0.0490331901533112";"F";"Inf";"/";"S"
"16";"0.461538461538462";"0.461538461538462";"0.0490331901533112";"Y";"0";"/";"W";"0.0934065934065934";"0.0934065934065934";"-2.54016191648732";"T";"0";"/";"W";"0.461538461538462";"0.461538461538462";"0.0490331901533112";"Y";"0";"/";"W";"0.461538461538462";"0.461538461538462";"0.0490331901533112";"Y";"0";"/";"W";"0.461538461538462";"0.461538461538462";"0.0490331901533112";"Y";"0";"/";"W";"0.461538461538462";"0.461538461538462";"0.0490331901533112";"Y";"0";"/";"W";"0.10989010989011";"0.10989010989011";"-0.871970971563683";"Y";"0";"/";"W";"0.461538461538462";"0.461538461538462";"0.0490331901533112";"Y";"0";"/";"W"
"17";"0.192307692307692";"0.192307692307692";"-1.08647226602863";"W";"0";"/";"I";"0.214285714285714";"0.214285714285714";"0.347877471766997";"S";"0";"/";"I";"0.192307692307692";"0.192307692307692";"-1.08647226602863";"W";"0";"/";"I";"0.192307692307692";"0.192307692307692";"-1.08647226602863";"W";"0";"/";"I";"0.192307692307692";"0.192307692307692";"-1.08647226602863";"W";"0";"/";"I";"0.192307692307692";"0.192307692307692";"-1.08647226602863";"W";"0";"/";"I";"0.357142857142857";"0.357142857142857";"0.966298325387011";"L";"0";"/";"I";"0.192307692307692";"0.192307692307692";"-1.08647226602863";"W";"0";"/";"I"
"18";"0.461538461538462";"0.461538461538462";"0.0490331901533112";"W";"0";"/";"F";"0.214285714285714";"0.214285714285714";"0.347877471766997";"E";"0";"/";"F";"0.461538461538462";"0.461538461538462";"0.0490331901533112";"W";"0";"/";"F";"0.461538461538462";"0.461538461538462";"0.0490331901533112";"W";"0";"/";"F";"0.461538461538462";"0.461538461538462";"0.0490331901533112";"W";"0";"/";"F";"0.461538461538462";"0.461538461538462";"0.0490331901533112";"W";"0";"/";"F";"0.357142857142857";"0.357142857142857";"0.966298325387011";"T";"0";"/";"F";"0.461538461538462";"0.461538461538462";"0.0490331901533112";"W";"0";"/";"F"
"19";"0.461538461538462";"0.461538461538462";"0.0490331901533112";"H";"0";"/";"C";"0.214285714285714";"0.214285714285714";"0.347877471766997";"T";"0";"/";"C";"0.461538461538462";"0.461538461538462";"0.0490331901533112";"H";"0";"/";"C";"0.461538461538462";"0.461538461538462";"0.0490331901533112";"H";"0";"/";"C";"0.461538461538462";"0.461538461538462";"0.0490331901533112";"H";"0";"/";"C";"0.461538461538462";"0.461538461538462";"0.0490331901533112";"H";"0";"/";"C";"0.357142857142857";"0.357142857142857";"0.966298325387011";"A";"0";"/";"C";"0.461538461538462";"0.461538461538462";"0.0490331901533112";"H";"0";"/";"C"
"20";"0.461538461538462";"0.461538461538462";"0.0490331901533112";"G";"Inf";"/";"G";"0.214285714285714";"0.214285714285714";"0.347877471766997";"E";"Inf";"/";"G";"0.461538461538462";"0.461538461538462";"0.0490331901533112";"G";"Inf";"/";"G";"0.461538461538462";"0.461538461538462";"0.0490331901533112";"G";"Inf";"/";"G";"0.461538461538462";"0.461538461538462";"0.0490331901533112";"G";"Inf";"/";"G";"0.461538461538462";"0.461538461538462";"0.0490331901533112";"G";"Inf";"/";"G";"0.357142857142857";"0.357142857142857";"0.966298325387011";"R";"Inf";"/";"G";"0.461538461538462";"0.461538461538462";"0.0490331901533112";"G";"Inf";"/";"G"
"21";"0.461538461538462";"0.461538461538462";"0.0490331901533112";"Q";"0";"/";"M";"0.214285714285714";"0.214285714285714";"0.347877471766997";"R";"0";"/";"M";"0.461538461538462";"0.461538461538462";"0.0490331901533112";"Q";"0";"/";"M";"0.461538461538462";"0.461538461538462";"0.0490331901533112";"Q";"0";"/";"M";"0.461538461538462";"0.461538461538462";"0.0490331901533112";"Q";"0";"/";"M";"0.461538461538462";"0.461538461538462";"0.0490331901533112";"Q";"0";"/";"M";"0.10989010989011";"0.10989010989011";"-0.871970971563683";"Q";"0";"/";"M";"0.461538461538462";"0.461538461538462";"0.0490331901533112";"Q";"0";"/";"M"
"22";"0.461538461538462";"0.461538461538462";"0.0490331901533112";"T";"0";"/";"E";"0.214285714285714";"0.214285714285714";"0.347877471766997";"R";"0";"/";"E";"0.461538461538462";"0.461538461538462";"0.0490331901533112";"T";"0";"/";"E";"0.461538461538462";"0.461538461538462";"0.0490331901533112";"T";"0";"/";"E";"0.461538461538462";"0.461538461538462";"0.0490331901533112";"T";"0";"/";"E";"0.461538461538462";"0.461538461538462";"0.0490331901533112";"T";"0";"/";"E";"0.10989010989011";"0.10989010989011";"-0.871970971563683";"T";"0";"/";"E";"0.461538461538462";"0.461538461538462";"0.0490331901533112";"T";"0";"/";"E"
"23";"0.461538461538462";"0.461538461538462";"0.0490331901533112";"V";"0";"/";"T";"0.175824175824176";"0.175824175824176";"-0.571044151768467";"H";"0";"/";"T";"0.461538461538462";"0.461538461538462";"0.0490331901533112";"V";"0";"/";"T";"0.461538461538462";"0.461538461538462";"0.0490331901533112";"V";"0";"/";"T";"0.461538461538462";"0.461538461538462";"0.0490331901533112";"V";"0";"/";"T";"0.461538461538462";"0.461538461538462";"0.0490331901533112";"V";"0";"/";"T";"0.10989010989011";"0.10989010989011";"-0.871970971563683";"V";"0";"/";"T";"0.461538461538462";"0.461538461538462";"0.0490331901533112";"V";"0";"/";"T"
"24";"0.461538461538462";"0.461538461538462";"0.0490331901533112";"T";"Inf";"/";"N";"0.214285714285714";"0.214285714285714";"0.347877471766997";"G";"Inf";"/";"N";"0.461538461538462";"0.461538461538462";"0.0490331901533112";"T";"Inf";"/";"N";"0.461538461538462";"0.461538461538462";"0.0490331901533112";"M";"Inf";"/";"N";"0.461538461538462";"0.461538461538462";"0.0490331901533112";"M";"Inf";"/";"N";"0.461538461538462";"0.461538461538462";"0.0490331901533112";"T";"Inf";"/";"N";"0.357142857142857";"0.357142857142857";"0.966298325387011";"E";"Inf";"/";"N";"0.461538461538462";"0.461538461538462";"0.0490331901533112";"M";"Inf";"/";"N"
"25";"0.461538461538462";"0.461538461538462";"0.0490331901533112";"N";"Inf";"/";"G";"0.214285714285714";"0.214285714285714";"0.347877471766997";"A";"Inf";"/";"G";"0.461538461538462";"0.461538461538462";"0.0490331901533112";"N";"Inf";"/";"G";"0.461538461538462";"0.461538461538462";"0.0490331901533112";"N";"Inf";"/";"G";"0.461538461538462";"0.461538461538462";"0.0490331901533112";"N";"Inf";"/";"G";"0.461538461538462";"0.461538461538462";"0.0490331901533112";"N";"Inf";"/";"G";"0.357142857142857";"0.357142857142857";"0.966298325387011";"Q";"Inf";"/";"G";"0.461538461538462";"0.461538461538462";"0.0490331901533112";"N";"Inf";"/";"G"
"26";"0.192307692307692";"0.192307692307692";"-1.08647226602863";"K";"0";"/";"S";"0.214285714285714";"0.214285714285714";"0.347877471766997";"V";"0";"/";"S";"0.192307692307692";"0.192307692307692";"-1.08647226602863";"K";"0";"/";"S";"0.192307692307692";"0.192307692307692";"-1.08647226602863";"K";"0";"/";"S";"0.192307692307692";"0.192307692307692";"-1.08647226602863";"K";"0";"/";"S";"0.192307692307692";"0.192307692307692";"-1.08647226602863";"K";"0";"/";"S";"0.0274725274725275";"0.0274725274725275";"-1.48472740388058";"K";"0";"/";"S";"0.192307692307692";"0.192307692307692";"-1.08647226602863";"K";"0";"/";"S"
"27";"0.000582750582750584";"0.000582750582750584";"-1.89508978785517";"Q";"Inf";"0.05";"Q";"0.192307692307692";"0.192307692307692";"-0.177220598824699";"Q";"Inf";"/";"Q";"0.000582750582750584";"0.000582750582750584";"-1.89508978785517";"Q";"Inf";"0.05";"Q";"0.000582750582750584";"0.000582750582750584";"-1.89508978785517";"Q";"Inf";"0.05";"Q";"0.000582750582750584";"0.000582750582750584";"-1.89508978785517";"Q";"Inf";"0.05";"Q";"0.000582750582750584";"0.000582750582750584";"-1.89508978785517";"V";"Inf";"0.05";"Q";"0.020979020979021";"0.020979020979021";"-1.53300518339646";"V";"Inf";"/";"Q";"0.000582750582750584";"0.000582750582750584";"-1.89508978785517";"V";"Inf";"0.05";"Q"
"28";"0.461538461538462";"0.461538461538462";"0.0490331901533112";"V";"Inf";"/";"C";"0.175824175824176";"0.175824175824176";"-0.571044151768467";"L";"Inf";"/";"C";"0.461538461538462";"0.461538461538462";"0.0490331901533112";"V";"Inf";"/";"C";"0.461538461538462";"0.461538461538462";"0.0490331901533112";"N";"Inf";"/";"C";"0.461538461538462";"0.461538461538462";"0.0490331901533112";"N";"Inf";"/";"C";"0.461538461538462";"0.461538461538462";"0.0490331901533112";"N";"Inf";"/";"C";"0.357142857142857";"0.357142857142857";"0.966298325387011";"I";"Inf";"/";"C";"0.461538461538462";"0.461538461538462";"0.0490331901533112";"V";"Inf";"/";"C"
"29";"0.461538461538462";"0.461538461538462";"0.0490331901533112";"D";"0";"/";"L";"0.214285714285714";"0.214285714285714";"0.347877471766997";"R";"0";"/";"L";"0.461538461538462";"0.461538461538462";"0.0490331901533112";"D";"0";"/";"L";"0.461538461538462";"0.461538461538462";"0.0490331901533112";"D";"0";"/";"L";"0.461538461538462";"0.461538461538462";"0.0490331901533112";"D";"0";"/";"L";"0.461538461538462";"0.461538461538462";"0.0490331901533112";"D";"0";"/";"L";"0.357142857142857";"0.357142857142857";"0.966298325387011";"H";"0";"/";"L";"0.461538461538462";"0.461538461538462";"0.0490331901533112";"D";"0";"/";"L"
"30";"1";"1";"2.3200441025172";"E";"Inf";"/";"E";"0.214285714285714";"0.214285714285714";"0.347877471766997";"M";"Inf";"/";"E";"1";"1";"2.3200441025172";"K";"Inf";"/";"E";"1";"1";"2.3200441025172";"W";"Inf";"/";"E";"1";"1";"2.3200441025172";"E";"Inf";"/";"E";"1";"1";"2.3200441025172";"K";"Inf";"/";"E";"0.357142857142857";"0.357142857142857";"0.966298325387011";"A";"Inf";"/";"E";"1";"1";"2.3200441025172";"S";"Inf";"/";"E"
"31";"0.461538461538462";"0.461538461538462";"0.0490331901533112";"E";"Inf";"/";"E";"0.214285714285714";"0.214285714285714";"0.347877471766997";"N";"Inf";"/";"E";"0.461538461538462";"0.461538461538462";"0.0490331901533112";"E";"Inf";"/";"E";"0.461538461538462";"0.461538461538462";"0.0490331901533112";"E";"Inf";"/";"E";"0.461538461538462";"0.461538461538462";"0.0490331901533112";"E";"Inf";"/";"E";"0.461538461538462";"0.461538461538462";"0.0490331901533112";"E";"Inf";"/";"E";"0.357142857142857";"0.357142857142857";"0.966298325387011";"F";"Inf";"/";"E";"0.461538461538462";"0.461538461538462";"0.0490331901533112";"E";"Inf";"/";"E"
"32";"0.461538461538462";"0.461538461538462";"0.0490331901533112";"V";"Inf";"/";"M";"0.214285714285714";"0.214285714285714";"0.347877471766997";"A";"Inf";"/";"M";"0.461538461538462";"0.461538461538462";"0.0490331901533112";"V";"Inf";"/";"M";"0.461538461538462";"0.461538461538462";"0.0490331901533112";"V";"Inf";"/";"M";"0.461538461538462";"0.461538461538462";"0.0490331901533112";"V";"Inf";"/";"M";"0.461538461538462";"0.461538461538462";"0.0490331901533112";"V";"Inf";"/";"M";"0.357142857142857";"0.357142857142857";"0.966298325387011";"Q";"Inf";"/";"M";"0.461538461538462";"0.461538461538462";"0.0490331901533112";"V";"Inf";"/";"M"
"33";"0.461538461538462";"0.461538461538462";"0.0490331901533112";"P";"0";"/";"F";"0.214285714285714";"0.214285714285714";"0.347877471766997";"Q";"0";"/";"F";"0.461538461538462";"0.461538461538462";"0.0490331901533112";"P";"0";"/";"F";"0.461538461538462";"0.461538461538462";"0.0490331901533112";"P";"0";"/";"F";"0.461538461538462";"0.461538461538462";"0.0490331901533112";"P";"0";"/";"F";"0.461538461538462";"0.461538461538462";"0.0490331901533112";"P";"0";"/";"F";"0.10989010989011";"0.10989010989011";"-0.871970971563683";"P";"0";"/";"F";"0.461538461538462";"0.461538461538462";"0.0490331901533112";"P";"0";"/";"F"
"34";"0.461538461538462";"0.461538461538462";"0.0490331901533112";"K";"0";"/";"H";"0.214285714285714";"0.214285714285714";"0.347877471766997";"V";"0";"/";"H";"0.461538461538462";"0.461538461538462";"0.0490331901533112";"K";"0";"/";"H";"0.461538461538462";"0.461538461538462";"0.0490331901533112";"K";"0";"/";"H";"0.461538461538462";"0.461538461538462";"0.0490331901533112";"K";"0";"/";"H";"0.461538461538462";"0.461538461538462";"0.0490331901533112";"K";"0";"/";"H";"0.10989010989011";"0.10989010989011";"-0.871970971563683";"K";"0";"/";"H";"0.461538461538462";"0.461538461538462";"0.0490331901533112";"K";"0";"/";"H"
"35";"0.461538461538462";"0.461538461538462";"0.0490331901533112";"M";"0";"/";"C";"0.214285714285714";"0.214285714285714";"0.347877471766997";"W";"0";"/";"C";"0.461538461538462";"0.461538461538462";"0.0490331901533112";"V";"0";"/";"C";"0.461538461538462";"0.461538461538462";"0.0490331901533112";"V";"0";"/";"C";"0.461538461538462";"0.461538461538462";"0.0490331901533112";"M";"0";"/";"C";"0.461538461538462";"0.461538461538462";"0.0490331901533112";"M";"0";"/";"C";"0.10989010989011";"0.10989010989011";"-0.871970971563683";"M";"0";"/";"C";"0.461538461538462";"0.461538461538462";"0.0490331901533112";"V";"0";"/";"C"
"36";"0.461538461538462";"0.461538461538462";"0.0490331901533112";"D";"0";"/";"C";"0.214285714285714";"0.214285714285714";"0.347877471766997";"S";"0";"/";"C";"0.461538461538462";"0.461538461538462";"0.0490331901533112";"D";"0";"/";"C";"0.461538461538462";"0.461538461538462";"0.0490331901533112";"D";"0";"/";"C";"0.461538461538462";"0.461538461538462";"0.0490331901533112";"D";"0";"/";"C";"0.461538461538462";"0.461538461538462";"0.0490331901533112";"D";"0";"/";"C";"0.357142857142857";"0.357142857142857";"0.966298325387011";"I";"0";"/";"C";"0.461538461538462";"0.461538461538462";"0.0490331901533112";"D";"0";"/";"C"
"37";"0.461538461538462";"0.461538461538462";"0.0490331901533112";"E";"0";"/";"W";"0.032967032967033";"0.032967032967033";"-3.98418161061447";"R";"0";"/";"W";"0.461538461538462";"0.461538461538462";"0.0490331901533112";"W";"0";"/";"W";"0.461538461538462";"0.461538461538462";"0.0490331901533112";"R";"0";"/";"W";"0.461538461538462";"0.461538461538462";"0.0490331901533112";"E";"0";"/";"W";"0.461538461538462";"0.461538461538462";"0.0490331901533112";"W";"0";"/";"W";"0.10989010989011";"0.10989010989011";"-0.871970971563683";"E";"0";"/";"W";"0.461538461538462";"0.461538461538462";"0.0490331901533112";"W";"0";"/";"W"
"38";"0.461538461538462";"0.461538461538462";"0.0490331901533112";"C";"0";"/";"I";"0.214285714285714";"0.214285714285714";"0.347877471766997";"P";"0";"/";"I";"0.461538461538462";"0.461538461538462";"0.0490331901533112";"C";"0";"/";"I";"0.461538461538462";"0.461538461538462";"0.0490331901533112";"C";"0";"/";"I";"0.461538461538462";"0.461538461538462";"0.0490331901533112";"C";"0";"/";"I";"0.461538461538462";"0.461538461538462";"0.0490331901533112";"C";"0";"/";"I";"0.10989010989011";"0.10989010989011";"-0.871970971563683";"C";"0";"/";"I";"0.461538461538462";"0.461538461538462";"0.0490331901533112";"C";"0";"/";"I"
"39";"0.461538461538462";"0.461538461538462";"0.0490331901533112";"S";"0";"/";"N";"0.214285714285714";"0.214285714285714";"0.347877471766997";"E";"0";"/";"N";"0.461538461538462";"0.461538461538462";"0.0490331901533112";"W";"0";"/";"N";"0.461538461538462";"0.461538461538462";"0.0490331901533112";"W";"0";"/";"N";"0.461538461538462";"0.461538461538462";"0.0490331901533112";"W";"0";"/";"N";"0.461538461538462";"0.461538461538462";"0.0490331901533112";"S";"0";"/";"N";"0.10989010989011";"0.10989010989011";"-0.871970971563683";"W";"0";"/";"N";"0.461538461538462";"0.461538461538462";"0.0490331901533112";"W";"0";"/";"N"
"40";"0.461538461538462";"0.461538461538462";"0.0490331901533112";"Q";"0";"/";"C";"0.214285714285714";"0.214285714285714";"0.347877471766997";"E";"0";"/";"C";"0.461538461538462";"0.461538461538462";"0.0490331901533112";"Q";"0";"/";"C";"0.461538461538462";"0.461538461538462";"0.0490331901533112";"Q";"0";"/";"C";"0.461538461538462";"0.461538461538462";"0.0490331901533112";"Q";"0";"/";"C";"0.461538461538462";"0.461538461538462";"0.0490331901533112";"Q";"0";"/";"C";"0.357142857142857";"0.357142857142857";"0.966298325387011";"R";"0";"/";"C";"0.461538461538462";"0.461538461538462";"0.0490331901533112";"Q";"0";"/";"C"
